behavior_cluster,top_behavioral_themes,gender_imputed,age_imputed,religion_imputed,ethnicity_imputed,cluster_name,persona_summary
0,"months, political, last, over, spend, family, year, single",Female,25 - 34,__MISSING__,__MISSING__,Monthly-Political Spenders,A 25-34-year-old female with an active credit usage and high equity balance resides in the household. Religion and ethnicity are unknown.
0,"months, political, last, over, spend, family, year, single",Female,45 - 54,__MISSING__,__MISSING__,Monthly-Political Spenders,"A single, college-educated individual resides in a USA household, with a net worth between $250,000 and $499,999. This individual is a near prime to prime consumer, actively using credit, and holds a high equity balance. They are known to have discretionary spend of $5 and have responded to mail within the last 24 months."
0,"months, political, last, over, spend, family, year, single",Female,55 - 64,Protestant,Caucasian|Western European,Monthly-Political Spenders,"A professional, net worth $100,000 to $249,999, and residing in a household with at least one active responder to mail solicitations, demonstrates a low auto debt profile and supports various political causes and charitable causes, with a wealth rating in the fourth decile."
0,"months, political, last, over, spend, family, year, single",Female,55 - 64,Protestant,Western European|Caucasian,Monthly-Political Spenders,"A 55-64 year old woman from the USA, with a Protestant faith and Western European/Caucasian ethnicity, typically exhibits financially responsible behaviors. Her preferences lean towards traditional values and established brands."
0,"months, political, last, over, spend, family, year, single",Female,55 - 64,__MISSING__,__MISSING__,Monthly-Political Spenders,"A near prime to prime, college-educated single family in the USA, with a net worth between $250,000 and $499,999, actively uses credit and has a high disposable income. This demographic, residing in the fourth decile of wealth, primarily utilizes mobile and tablet devices."
0,"months, political, last, over, spend, family, year, single",Female,65 - 74,Protestant,Caucasian|Western European,Monthly-Political Spenders,"A 65-74 year old Caucasian/Western European female, living in the USA and practicing Protestantism, falls into a behavioral segment with a net worth between $50,000 and $99,999. She is a professional with a low number of active open auto loans and a wealth rating in the second decile."
0,"months, political, last, over, spend, family, year, single",Female,65 - 74,Protestant,Western European|Caucasian,Monthly-Political Spenders,"A 65-74 year-old woman, a Protestant with Western European or Caucasian ethnicity, resides in the USA and has recently responded to mail within the last 24 months."
0,"months, political, last, over, spend, family, year, single",Female,65 - 74,__MISSING__,__MISSING__,Monthly-Political Spenders,"A 65-74 year old female resides in the USA with a net worth between $100,000 and $249,999. No religion or ethnicity information is available. She has recently engaged with mail offers."
0,"months, political, last, over, spend, family, year, single",Female,75+,Protestant,Caucasian|Western European,Monthly-Political Spenders,"A 75-year-old Caucasian woman of Western European descent, with a net worth exceeding $499,999 and identified as a professional, holds a wealth rating in the sixth decile. She is a Protestant female, aged 75 or above, and her spending falls between $200,001 and $400,000. This demographic is characterized by someone in the household having engaged in financial activities within the last 24 months."
0,"months, political, last, over, spend, family, year, single",Female,75+,Protestant,Western European|Caucasian,Monthly-Political Spenders,"An elderly single family head, with a low discretionary spend of $5 and a net worth between $100,000 and $249,999, falls into the lowest average credit score decile (Sub Prime - 1st Quartile). This individual has a relatively low wealth rating and a modest home value, ranging from $400,001 to $600,001, with the fewest active open auto loan members."
0,"months, political, last, over, spend, family, year, single",Female,75+,__MISSING__,__MISSING__,Monthly-Political Spenders,"A 75-year-old female, religiously affiliated, heads the household and holds a graduate degree. She is a Near Prime to Prime borrower, lien-free, and a primary decision-maker with a net worth exceeding $499,999."
0,"months, political, last, over, spend, family, year, single",Male,25 - 34,__MISSING__,__MISSING__,Monthly-Political Spenders,"A single, high school-educated individual resides in a household with a net worth under $1 and discretionary spending of $3. They have a low number of active open auto loans, support various political causes, and consume fast food frequently, dining out 14 or more times in the last 30 days. Their credit status falls within the Sub Prime to Near Prime - 2nd Quartile."
0,"months, political, last, over, spend, family, year, single",Male,45 - 54,__MISSING__,__MISSING__,Monthly-Political Spenders,"A 45-54-year-old American male, with religion and ethnicity undisclosed, is a member of a group characterized by someone in the household having responded to mail within the last 24 months."
0,"months, political, last, over, spend, family, year, single",Male,55 - 64,Protestant,Caucasian|Western European,Monthly-Political Spenders,"A 55-64 year-old Caucasian/Western European Protestant male, living in the USA, heads a single family unit in the third quartile of the Prime to Prime demographic. This household has engaged with mail within the past 24 months."
0,"months, political, last, over, spend, family, year, single",Male,55 - 64,__MISSING__,__MISSING__,Monthly-Political Spenders,"A 55-64-year-old male college graduate, with undisclosed religion and ethnicity, falls into the sixth decile of the net worth bracket, holding between $100,000 and $249,999."
0,"months, political, last, over, spend, family, year, single",Male,65 - 74,Protestant,Caucasian|Western European,Monthly-Political Spenders,"A 65- to 74-year-old Caucasian male, holding a blue-collar job and Protestant in faith, resides in a household with a net worth between $100,000 and $249,999. This demographic is characterized by having engaged in financial communication within the past 24 months, demonstrating a moderately transparent approach to wealth management."
0,"months, political, last, over, spend, family, year, single",Male,65 - 74,Protestant,Western European|Caucasian,Monthly-Political Spenders,"This group consists of high-spending, credit-active individuals in the third quartile, with some college education and other ethnicities. Their discretionary spend is $4, and they have a net worth between $250,000 and $499,999, placing them in the third decile of the wealth rating. Owners of this household have the lowest number of active open auto loans and primarily use mobile and tablet devices."
0,"months, political, last, over, spend, family, year, single",Male,65 - 74,__MISSING__,__MISSING__,Monthly-Political Spenders,"A single, elderly American resides in a household with a college-educated head and a net worth between $50,000 and $99,999. This individual is tech-savvy and frequently uses Connected TV, mobile, and tablet devices. As a near prime to prime borrower, they have the highest auto loan balance and have demonstrated consistent credit behavior."
0,"months, political, last, over, spend, family, year, single",Male,75+,__MISSING__,__MISSING__,Monthly-Political Spenders,"A high net worth individual, residing in the USA, with a net worth between $200,000 and $400,000, and a wealth rating in the 4th decile, is our persona. This person has recently engaged with marketing communications."
1,"months, family, single, spend, over, year, prime, political",Female,25 - 34,__MISSING__,__MISSING__,Yearly Prime Spenders,"A 25-34 year old female, living in a single family household with a net worth of $10,000 to $24,999, is part of a group identified by their recent responsiveness to mail. Religion and ethnicity are unknown."
1,"months, family, single, spend, over, year, prime, political",Female,35 - 44,__MISSING__,__MISSING__,Yearly Prime Spenders,"A 35-44 year-old Female, whose household has engaged with mail within the past 24 months, lacks specified religious and ethnic identities."
1,"months, family, single, spend, over, year, prime, political",Female,45 - 54,__MISSING__,__MISSING__,Yearly Prime Spenders,"A 45-54 year old female resides in the USA with a net worth between $10,000 and $24,999. This professional earns between $100,001 and $200,000 and is in the second wealth decile. Religion and ethnicity are unknown."
1,"months, family, single, spend, over, year, prime, political",Female,55 - 64,__MISSING__,__MISSING__,Yearly Prime Spenders,"A single, high net worth professional with a high school education and a discretionary spend of $4,000 or more resides in a high-income, single family household. This individual holds a prime to super prime credit score, indicating a high creditworthiness and a significant reliance on credit. Their net worth exceeds $499,999."
1,"months, family, single, spend, over, year, prime, political",Female,65 - 74,Protestant,Caucasian|Western European,Yearly Prime Spenders,A 65-74 year-old Caucasian/Western European Protestant woman falls into the Sub Prime to Near Prime - 2nd Quartile Single Family segment.
1,"months, family, single, spend, over, year, prime, political",Female,65 - 74,Protestant,Western European|Caucasian,Yearly Prime Spenders,"A 3rd decile household, headed by an individual with recent mail engagement, holds a net worth between $25,000 and $200,000."
1,"months, family, single, spend, over, year, prime, political",Female,65 - 74,__MISSING__,__MISSING__,Yearly Prime Spenders,"A single, elderly person with some college education and high equity balance resides in a household worth between $100,000 and $300,000. They have a net worth between $50,000 and $200,000 and support various political causes. Their discretionary spending is moderate."
1,"months, family, single, spend, over, year, prime, political",Female,75+,Protestant,Western European|Caucasian,Yearly Prime Spenders,"A 75-year-old female with Western European/Caucasian ethnicity and Protestant religion, living in the household, has engaged with mail within the past 24 months. She exhibits this behavioral trait."
1,"months, family, single, spend, over, year, prime, political",Female,75+,__MISSING__,__MISSING__,Yearly Prime Spenders,"A single family of 75 years old or above, headed by a female member, actively engages with mail communications. (Religion and ethnicity are unknown.)"
1,"months, family, single, spend, over, year, prime, political",Male,45 - 54,__MISSING__,__MISSING__,Yearly Prime Spenders,"A 24-month credit active USA household, characterized by a low equity balance, falls into the Up & Coming Consumers group."
1,"months, family, single, spend, over, year, prime, political",Male,55 - 64,__MISSING__,__MISSING__,Yearly Prime Spenders,"A 55-64-year-old American male, part of a blue-collar household, has a net worth between $100,000 and $249,999, and has engaged in recent financial transactions. Religion and ethnicity are unknown."
1,"months, family, single, spend, over, year, prime, political",Male,65 - 74,__MISSING__,__MISSING__,Yearly Prime Spenders,"A male aged 65-74, with a net worth of $250,000 to $499,999 and the lowest number of active open auto loans, falls into a behavioral cluster characterized by someone in the household having responded to mail within the last 24 months. This group has a wealth rating in the first decile, with a net worth between $400,001 and $600,001. Religion and ethnicity are unknown."
1,"months, family, single, spend, over, year, prime, political",Male,75+,__MISSING__,__MISSING__,Yearly Prime Spenders,"A high net worth professional, residing in the USA, with a wealth rating in the 7th decile and a net worth exceeding $800,001, frequently engages with mail communications."
2,"family, single, over, year, months, prime, high, loan",Female,18 - 24,__MISSING__,Caucasian,Family Prime Borrowers,"A young adult single household in the USA, with a low credit score in the subprime first quartile, holds a high equity balance and has the lowest number of active open auto loans but the highest auto loan balance. This group, worth between $400,001 and $600,001, is relatively new to credit and supports various political causes. They primarily use mobile and tablet devices."
2,"family, single, over, year, months, prime, high, loan",Female,18 - 24,__MISSING__,__MISSING__,Family Prime Borrowers,"This group consists of young adult, single family homeowners with near prime to prime credit, earning a high income of $400,001 to $600,000. They are moderate users of credit and have the highest auto loan balance among all clusters. Despite their income, they maintain a low number of active open auto loans, and their insurance expirations vary from 1 to 3 months or 6 to 9 months. This demographic is also characterized by high card spending."
2,"family, single, over, year, months, prime, high, loan",Female,25 - 34,__MISSING__,__MISSING__,Family Prime Borrowers,"A single, low-income American in the lowest credit quartile resides in a household with high equity and multiple active auto loans. They are relatively new to credit and use connected TV and mobile devices. Their insurance expiration dates are due within 9 to 12 months."
2,"family, single, over, year, months, prime, high, loan",Female,35 - 44,__MISSING__,__MISSING__,Family Prime Borrowers,"This group consists of single, established consumers aged between $200,001 and $400,000, with no liens and insurance expirations approaching. They are primarily low credit card spenders experiencing a decrease in year-over-year spending, falling into the sub-prime to near-prime category with moderate credit usage."
2,"family, single, over, year, months, prime, high, loan",Female,45 - 54,__MISSING__,__MISSING__,Family Prime Borrowers,"This group consists of established consumers, mostly male and aged between 45 and 60, with a net worth of $400,001 to $600,000. They have a moderate use of credit and fall into the Sub Prime to Near Prime category with a low number of active open auto loans. Their spending behavior shows an increase over the past year but a decrease in the last three months."
2,"family, single, over, year, months, prime, high, loan",Female,55 - 64,__MISSING__,__MISSING__,Family Prime Borrowers,"This USA-based individual, a blue-collar worker, resides in a single family household and falls into the eighth decile of wealth. With a discretionary spend of $3, they utilize mobile and tablet devices. Politically engaged, they earn between $75,001 and $100,000 annually and have a high equity balance."
2,"family, single, over, year, months, prime, high, loan",Female,65 - 74,__MISSING__,__MISSING__,Family Prime Borrowers,"A 50,001 to 75,000 income single family household, headed by a college-educated elderly person with open liens and elderly parents, falls into the low equity balance, established consumer group. They have a moderate credit usage and a lowest number of active open auto loans. This group experiences a year-over-year spend decrease and uses cards for transactions. (USA, Sub Prime to Near Prime - 2nd Quartile, Single Family, College Graduates, Elderly Parent, Lowest Number of Active Open Auto Loans, MOBILE, Year-Over-Year Spend Decrease, Card Spenders)"
2,"family, single, over, year, months, prime, high, loan",Female,75+,__MISSING__,__MISSING__,Family Prime Borrowers,"A single, high-income individual resides in a USA single family home. With a prime to super prime credit score in the highest quartile, this lien-free homeowner is a new credit user and primary decision-maker. Their annual income ranges from $200,001 to $400,000, and they have the fewest active open auto loans. This individual exhibits low credit card spending behavior."
2,"family, single, over, year, months, prime, high, loan",Male,18 - 24,__MISSING__,Caucasian,Family Prime Borrowers,"This young adult single family household, with an income between $200,001 and $400,001, holds a moderate credit usage profile and falls into the Sub Prime to Near Prime - 2nd Quartile segment. They have the lowest number of active open auto loans and auto loan balance. Politically, they support conservative causes."
2,"family, single, over, year, months, prime, high, loan",Male,18 - 24,__MISSING__,__MISSING__,Family Prime Borrowers,"A 2nd quartile Established Consumer is a single family head, aged and educated enough for some college, with a net worth under $1 and a wealth rating in the 3rd decile. This individual, of any ethnicity or religion, spends discretionally between $1- $25,000 and falls into the sub-prime to near prime credit category with a low equity balance."
2,"family, single, over, year, months, prime, high, loan",Male,25 - 34,__MISSING__,__MISSING__,Family Prime Borrowers,"A single, up-and-coming consumer group resides in the USA. With a low average credit score placing them in the sub-prime first quartile, they manage a household income between $200,001 and $400,000. Owners of single-family dwellings, they have the fewest active open auto loans. This tech-savvy demographic engages with connected TV, mobile, and tablet devices. Insurance expirations occur every 9 to 12 months for this group."
2,"family, single, over, year, months, prime, high, loan",Male,35 - 44,__MISSING__,__MISSING__,Family Prime Borrowers,"A single, net worth-rich ( $200,001 - $400,000) Central resident, aged into the Near Prime to Prime demographic (3rd quartile), holds a net worth between $50,000 and $99,999. This individual, of any ethnicity, identifies with the Equity Balance High and Single Family dwelling category. They dine out at fast food establishments 6-13 times per month and allow their insurance policies to expire within the 9-12 month range. This persona frequently shops online at carrier stores such as AT&T. Their religious beliefs and gender are not specified in this data."
2,"family, single, over, year, months, prime, high, loan",Male,45 - 54,__MISSING__,Hispanic,Family Prime Borrowers,"This single, low-income family, with an established consumption pattern, falls into the sub-prime credit category, holding the lowest average score. They are high auto loan balancers and heavy card spenders, despite a recent decrease in year-over-year spending. Their ethnicity and religious beliefs are unknown."
2,"family, single, over, year, months, prime, high, loan",Male,45 - 54,__MISSING__,__MISSING__,Family Prime Borrowers,"This group consists of single, relatively new credit users in the Sub Prime to Near Prime category, aged 25-34. They have a high equity balance and the lowest number of active open auto loans, yet the highest auto loan balances. This ethnically diverse group is politically active and predominantly uses mobile devices."
2,"family, single, over, year, months, prime, high, loan",Male,55 - 64,__MISSING__,__MISSING__,Family Prime Borrowers,"This group consists of established consumers, primarily single family households, with moderate credit usage and an annual income of $200,001 to $400,000. They lean conservative politically and have experienced a year-over-year decrease in spending."
2,"family, single, over, year, months, prime, high, loan",Male,65 - 74,__MISSING__,__MISSING__,Family Prime Borrowers,"This small business owner, aged between 40 and 60, is a high-income individual with a net worth of $200,001 to $400,000. They are politically active, contributing to various causes. This ethnicity group frequents fast food restaurants more than 14 times and family restaurants 6-13 times per month. Physically, they are car owners with a low combined loan-to-value ratio, and they hold a carrier store affiliation."
3,"over, year, prime, months, spend, credit, that, consumers",Female,25 - 34,__MISSING__,Hispanic,Prime Spenders & Credit Users,"A 25-34-year-old Hispanic woman falls into the Established Consumer category, utilizing moderate credit usage."
3,"over, year, prime, months, spend, credit, that, consumers",Female,25 - 34,__MISSING__,__MISSING__,Prime Spenders & Credit Users,"A 25-34 year old female makes up this consumer group, defined as Up & Coming Consumers, who are new to credit use. Their religious and ethnic identities are unknown."
3,"over, year, prime, months, spend, credit, that, consumers",Female,35 - 44,__MISSING__,__MISSING__,Prime Spenders & Credit Users,"This professional group, primarily composed of college graduates new to credit, exhibits a low number of active open auto loans and frequent fast food consumption, with insurance expirations ranging from 6 to 12 months. Their spending behavior shows a significant year-over-year increase over the past three months. Ethnicity and religious affiliations are not provided."
3,"over, year, prime, months, spend, credit, that, consumers",Female,45 - 54,__MISSING__,__MISSING__,Prime Spenders & Credit Users,"This USA-based group consists of established consumers, primarily decision-makers in their households. They fall into the second quartile of Sub Prime to Near Prime credit category. This demographic uses credit moderately, has the fewest active open auto loans, and frequently uses mobile and tablet devices. Their regular purchases include Twinings tea. Insurance expirations for this group range from three to twelve months overdue, and they have experienced a year-over-year decrease in spending."
3,"over, year, prime, months, spend, credit, that, consumers",Male,18 - 24,__MISSING__,__MISSING__,Prime Spenders & Credit Users,"Male consumers aged 18-24 form this group, characterized as new credit users with missing data on religion and ethnicity."
3,"over, year, prime, months, spend, credit, that, consumers",Male,25 - 34,__MISSING__,Caucasian,Prime Spenders & Credit Users,"A 3rd quartile single family household, identified as a Thriving Consumer, exhibits high spending and frequent credit usage. They have a near prime to prime credit score and carry the lowest number of active open auto loans. Their insurance expirations range from 1 to 9 months overdue. This group is characterized by high card spending and a year-over-year decrease in spending over three months."
3,"over, year, prime, months, spend, credit, that, consumers",Male,25 - 34,__MISSING__,Hispanic,Prime Spenders & Credit Users,"A 25-34-year-old Hispanic male falls into the Up & Coming Consumers category. New to credit, he contributes over $50 to charities annually, with religious and ethnic backgrounds identified as Hispanic."
3,"over, year, prime, months, spend, credit, that, consumers",Male,25 - 34,__MISSING__,__MISSING__,Prime Spenders & Credit Users,"This group consists of individuals, primarily decision-makers, who are active credit users with the lowest average credit scores in the Sub Prime - 1st Quartile category. They have a history of known sales and exhibit the lowest auto loan balances. Their insurance expirations are approaching, and they have experienced a decrease in year-over-year spending."
3,"over, year, prime, months, spend, credit, that, consumers",Male,35 - 44,__MISSING__,__MISSING__,Prime Spenders & Credit Users,"This group consists of high-spending individuals with a primary decision-making role and a credit score in the top quartile (8th decile). They exhibit an annual spend increase and are avid users of credit cards. (Discretionary spend: 5, Wealth Rating: 8th decile)"
3,"over, year, prime, months, spend, credit, that, consumers",Male,45 - 54,__MISSING__,__MISSING__,Prime Spenders & Credit Users,"This group consists of US consumers in the Up & Coming segment, characterized by being new to credit and having Sub Prime to Near Prime credit scores. They are tech-savvy, frequently using mobile and tablet devices. Over the past year, they have experienced a decrease in spending."
3,"over, year, prime, months, spend, credit, that, consumers",Male,65 - 74,__MISSING__,__MISSING__,Prime Spenders & Credit Users,"this group consists of blue-collar individuals with a high average credit score in the fifth decile, making them prime to super prime consumers. They hold some college education, act as primary decision-makers, and frequently purchase Twinings tea and French's products, while identifying as registered Republicans. Their spending behavior is marked by high expenditures and regular use of credit."
4,"over, year, months, spend, last, store, etc, prime",Female,25 - 34,__MISSING__,__MISSING__,Confidence 95,"A 30-something, single US resident with some college education and a discretionary spending level of $3,000 resides in the Sub Prime to Near Prime income bracket. This individual is a primary decision-maker, owns a mobile and tablet device, and has a low number of active open auto loans. They frequently eat fast food, with 14 or more instances in the last 30 days, and their insurance policies are due for renewal within 6 to 12 months."
4,"over, year, months, spend, last, store, etc, prime",Female,35 - 44,__MISSING__,__MISSING__,Confidence 95,"A 40-year-old American, college-educated individual resides in the Second Quartile of the Sub Prime to Near Prime credit tier. This person, who serves as the primary decision-maker in their household, has a net worth under $1 and holds fewer than the average number of active open auto loans. They frequently dine at fast food restaurants more than 14 times a month and occasionally visit family restaurants. Their spending behavior reflects discretionary spending of $4, and they primarily use mobile and tablet devices."
4,"over, year, months, spend, last, store, etc, prime",Female,45 - 54,__MISSING__,__MISSING__,Confidence 95,"This USA-based consumer, a new credit user in the Sub Prime - 1st Quartile group, is a primary decision-maker with a discretionary spend of $4 and a wealth rating in the 7th decile. They have the highest auto loan balance and number of active open auto loans. Their technology usage includes mobile and tablet devices, and they consume fast food more than 14 times and family restaurant more than 3 times in the last 30 days."
4,"over, year, months, spend, last, store, etc, prime",Female,55 - 64,__MISSING__,__MISSING__,Confidence 95,"A single, US-based individual from the lowest credit score quartile (Sub Prime) in the SFDU demographic, holds a net worth between $1 and $4,999, owns few active open auto loans, frequently uses mobile and tablet devices, and prefers Regular Tea brand from Twinings. Insurance expiration dates are often overlooked, falling between 9 and 12 months."
4,"over, year, months, spend, last, store, etc, prime",Male,25 - 34,__MISSING__,__MISSING__,Confidence 95,"This single, up-and-coming consumer group, aged below average with a low credit score in the sub-prime first quartile, is ethnically diverse and lien-free. Their annual income ranges from $100,001 to $200,000. They dine at fast food restaurants one to five times a month, and their insurance policies expire between 6 and 12 months after purchase."
4,"over, year, months, spend, last, store, etc, prime",Male,35 - 44,__MISSING__,__MISSING__,Confidence 95,"A 2nd quartile, single, high school educated individual in the USA, residing in a sub-prime to near prime household, has a history of infrequent credit use, owns a tablet, and supports multiple political causes. This group is known for eating fast food over 14 times and family restaurants over 6 times in the last month, and has an insurance expiration date."
4,"over, year, months, spend, last, store, etc, prime",Male,45 - 54,__MISSING__,__MISSING__,Confidence 95,"A 30-year-old Democratic college graduate with a low credit score in management holds the decision-making power. This individual is based in the USA, regularly consumes Bigelow and Celestial Seasonings teas, and favors Grey Poupon. They prefer mobile and tablet devices and primarily spend on their cards at carrier stores, showing a year-over-year decrease in spending."
5,"family, months, single, over, spend, year, that, the",Female,25 - 34,__MISSING__,__MISSING__,Monthly Overspenders,"A thriving, credit-active American household, headed by an individual who has recently engaged with mail offers, characterizes this consumer group."
5,"family, months, single, over, spend, year, that, the",Female,35 - 44,Protestant,Caucasian|Western European,Monthly Overspenders,"A single, professional US consumer in the lowest credit score quartile, residing in a single-family household, holds a high equity balance and is an established consumer with a moderate credit usage. Wealth rating places them in the fifth decile with an income between $200,001 and $400,000. They frequently use mobile and tablet devices and have the highest number of active open auto loans."
5,"family, months, single, over, spend, year, that, the",Female,35 - 44,Protestant,Western European|Caucasian,Monthly Overspenders,"A 35-44 year-old woman, living in the USA and identified as Protestant and Caucasian, heads this household, which has recently interacted with mail within the past 24 months."
5,"family, months, single, over, spend, year, that, the",Female,35 - 44,__MISSING__,__MISSING__,Monthly Overspenders,"A single, near prime-to-prime graduate with a net worth between $100,000 and $249,999 resides in the USA. This professional, known for discretionary spending of $5, enjoys regular tea from Twinings and Celestial Seasonings. They utilize mobile devices, including tablets, and fall into the fifth decile of the wealth rating."
5,"family, months, single, over, spend, year, that, the",Female,45 - 54,Protestant,Caucasian|Western European,Monthly Overspenders,"A 30-year-old blue-collar American lives in a single-family home with a net worth under $1 and a low credit score in the sub-prime first quartile. This individual, who serves as the primary decision-maker, has some college education and has made open liens. With a discretionary spend of $3 and a wealth rating in the third decile, they have an income of approximately $100,001 or less."
5,"family, months, single, over, spend, year, that, the",Female,45 - 54,Protestant,Western European|Caucasian,Monthly Overspenders,"A 45-54 year-old woman, of Western European/Caucasian ethnicity and Protestant faith, is a member of the Thriving Consumers segment. She actively uses credit and has a high spending behavior."
5,"family, months, single, over, spend, year, that, the",Female,45 - 54,__MISSING__,__MISSING__,Monthly Overspenders,"A single, professional consumer residing in the USA falls into the Established Consumers segment. This group, with a wealth rating in the 9th decile and an income between $200,001 and $400,001, exhibits a high equity balance and uses credit moderately. They have a primary decision-making role, hold a professional occupation, and have the fewest active open auto loans. This demographic primarily uses mobile and tablet devices."
5,"family, months, single, over, spend, year, that, the",Female,55 - 64,Protestant,Caucasian|Western European,Monthly Overspenders,"A 3rd quartile Established Consumer, aged High School level, is a single family homeowner with a net worth between $100,000 and $249,999, and a wealth rating in the 8th decile. This individual is a near prime to prime borrower with a high equity balance and few active open auto loans."
5,"family, months, single, over, spend, year, that, the",Female,55 - 64,Protestant,Western European|Caucasian,Monthly Overspenders,"A high net worth American consumer, aged some college education and boasting a prime credit score, spends discretionarily with a net worth between $400,001 and $600,000. This individual, a primary decision maker, maintains an open lien and is an active user of credit with a high equity balance."
5,"family, months, single, over, spend, year, that, the",Female,55 - 64,__MISSING__,__MISSING__,Monthly Overspenders,"A single, near-prime to prime, graduate school graduate resides in the USA and holds a professional job. This individual, worth between $250,000 and $499,999, is an active credit user and spender, making discretionary decisions within their household, which boasts a net worth within this range."
5,"family, months, single, over, spend, year, that, the",Female,65 - 74,Protestant,Caucasian|Western European,Monthly Overspenders,"A single, college-educated individual resides in a USA household with a high credit score (Prime to Super Prime - 4th Quartile) and a net worth between $100,000 and $249,999. This person is the primary decision maker, holds discretionary spending power, and has a moderate credit usage history."
5,"family, months, single, over, spend, year, that, the",Female,65 - 74,Protestant,Western European|Caucasian,Monthly Overspenders,A 65-74 year old woman from the USA identifies as Protestant and is of Western European or Caucasian ethnicity. She is part of a behavioral cluster characterized by her preference for traditional values and a tendency to prioritize financial stability.
5,"family, months, single, over, spend, year, that, the",Female,65 - 74,__MISSING__,__MISSING__,Monthly Overspenders,"A 65-74 year-old female, living in a single family household, has recently engaged with mail correspondence. This group, with missing religion and ethnicity data, holds a low credit score."
5,"family, months, single, over, spend, year, that, the",Female,75+,__MISSING__,__MISSING__,Monthly Overspenders,"A 75-year-old female residing in the USA, practicing a specific religion and ethnicity, heads this group. Members are active credit users and have a high spending behavior."
5,"family, months, single, over, spend, year, that, the",Male,25 - 34,__MISSING__,__MISSING__,Monthly Overspenders,"A 25-34 year-old American male, with undisclosed religion and ethnicity, falls into the third decile wealth rating group, earning between $100,001 and $200,000, and holds the highest number of active open auto loans with the largest auto loan balances."
5,"family, months, single, over, spend, year, that, the",Male,35 - 44,Protestant,Caucasian|Western European,Monthly Overspenders,"A 3rd quartile single family household, headed by a near prime to prime adult with some college education, demonstrates moderate credit usage and a net worth between $50,000 and $99,999. This group has a discretionary spend level of 4 and a wealth rating in the 7th decile, recently experiencing a year-over-year decrease in spending."
5,"family, months, single, over, spend, year, that, the",Male,35 - 44,Protestant,Western European|Caucasian,Monthly Overspenders,"This single, established consumer earns a wealth rating between $100,001 and $200,000. They are moderate users of credit and have an auto loan balance at the higher end. This individual is a primary decision-maker in a single-family household and falls within the sub-prime to near-prime credit category. Their eating habits include eating fast food 6-13 times in the last 30 days."
5,"family, months, single, over, spend, year, that, the",Male,35 - 44,__MISSING__,__MISSING__,Monthly Overspenders,"A 40-year-old professional, living in the USA, holds a net worth between $50,000 and $99,999. This single family unit, with some college education, falls into the sub-prime to near prime credit category. As a discretionary spender, they have a moderate credit usage and a high auto loan balance, while maintaining a low number of active open accounts. Their wealth rating places them in the 9th decile."
5,"family, months, single, over, spend, year, that, the",Male,45 - 54,Protestant,Caucasian|Western European,Monthly Overspenders,"A 45-54 year-old Caucasian/Western European Protestant male in the USA is part of a behavioral segment. Known for responding to mail within the last 24 months, his preferences and lifestyle lean towards this demographic."
5,"family, months, single, over, spend, year, that, the",Male,45 - 54,Protestant,Western European|Caucasian,Monthly Overspenders,"A 45-54-year-old Protestant male of Western European or Caucasian ethnicity heads this household, regularly responding to mail within a 24-month period."
5,"family, months, single, over, spend, year, that, the",Male,45 - 54,__MISSING__,__MISSING__,Monthly Overspenders,"A 45-54-year-old American man, with religion and ethnicity undisclosed, heads a household of significant wealth. Their net worth exceeds $499,999, positioning them in the 9th decile of wealth rating. This group is financially well-off and actively engages with mail communications."
5,"family, months, single, over, spend, year, that, the",Male,55 - 64,Protestant,Caucasian|Western European,Monthly Overspenders,"A 55-64-year-old Caucasian Protestant male, living in the household, has engaged with mail within the past 24 months. This group holds a net worth between $250,000 and $499,999."
5,"family, months, single, over, spend, year, that, the",Male,55 - 64,Protestant,Western European|Caucasian,Monthly Overspenders,"A 30-year-old college graduate resides in the USA and falls into the Established Consumer category. As a single family homeowner in the Sub Prime to Near Prime income bracket, they hold a 9th decile wealth rating and possess the highest auto loan balance. This individual is a frequent user of mobile and tablet devices and has experienced a decrease in year-over-year spending over the past three months. Despite being a card spender, their creditworthiness is considered open and lien-free."
5,"family, months, single, over, spend, year, that, the",Male,55 - 64,__MISSING__,__MISSING__,Monthly Overspenders,"A single, near-prime to prime, high school graduate in the USA resides in a thriving consumer household. This individual, with a wealth rating in the third decile, actively uses credit and demonstrates high discretionary spend, while maintaining a low number of active open auto loans."
5,"family, months, single, over, spend, year, that, the",Male,65 - 74,Protestant,Caucasian|Western European,Monthly Overspenders,"A 65-74 year old Caucasian Protestant male, living in the USA, heads a household with a net worth between $250,000 and $600,000. He has engaged in recent financial transactions."
5,"family, months, single, over, spend, year, that, the",Male,65 - 74,Protestant,Western European|Caucasian,Monthly Overspenders,"Male homeowners aged 65-74, with a net worth exceeding $499,999, are active consumers in the USA. They identify as Protestant and are of Western European or Caucasian ethnicity. This group regularly engages with credit products and has a net worth response within the past 24 months."
5,"family, months, single, over, spend, year, that, the",Male,65 - 74,__MISSING__,__MISSING__,Monthly Overspenders,"A single, blue-collar US resident, aged high school or above, resides in a household with a net worth between $250,000 and $499,999, and has an equity balance high enough to qualify as up-and-coming consumers. This individual has demonstrated creditworthiness in the sub-prime to near-prime second quartile and has a history of discretionary spending totaling $6,000."
5,"family, months, single, over, spend, year, that, the",Male,75+,__MISSING__,__MISSING__,Monthly Overspenders,"A 75-year-old American man, with unknown religion and ethnicity, heads a wealthy single family (net worth exceeding $499,999)"
6,"over, year, months, family, single, spend, prime, high",Female,18 - 24,__MISSING__,__MISSING__,High Roller Prime Spenders,"A young adult, living in the USA, earns between $75,001 and $100,000, and is relatively new to credit with a low equity balance and a sub-prime credit score (1st quartile). This single household frequently visits family restaurants more than 6 times in a month and consumes fast food over 14 times. Insurance expiration dates fall between 9 and 12 months."
6,"over, year, months, family, single, spend, prime, high",Female,25 - 34,__MISSING__,__MISSING__,High Roller Prime Spenders,"A professional single family, primarily based in the USA, falls into the Established Consumers category. They have a moderate credit usage, a high equity balance, and a discretionary spend of $75,001 to $100,000. Their wealth rating places them in the 8th decile. This group is made up of individuals with insurance expirations ranging from 3 to 9 months."
6,"over, year, months, family, single, spend, prime, high",Female,35 - 44,__MISSING__,__MISSING__,High Roller Prime Spenders,"A 50-year-old American with a high school education and net worth under $1 serves as primary decision-maker for an established household. Their net worth places them in the first decile, and they have a low number of active open auto loans. This group, worth between $400,001 and $600,001, supports various political causes and uses mobile and tablet devices. Their credit rating falls within the sub-prime to near-prime range."
6,"over, year, months, family, single, spend, prime, high",Female,45 - 54,__MISSING__,__MISSING__,High Roller Prime Spenders,"This USA-based individual, a primary decision-maker with a low credit score in the Sub Prime - 1st Quartile, has an income between $100,001 and $200,000. They have the fewest active open auto loans and are lien-free. Their preferences include regular consumption of Celestial Seasonings tea and eating at family restaurants at least 6 times in the last 30 days, with 6-13 visits to fast food establishments. They use mobile and tablet devices."
6,"over, year, months, family, single, spend, prime, high",Female,55 - 64,__MISSING__,__MISSING__,High Roller Prime Spenders,"This group consists of high-earning, near-prime to prime singles or families, with a net worth between $400,001 and $600,001. They are moderate credit users, owning fewer than average active open auto loans. Their preferences lean towards Bigelow Tea and dining at family restaurants more than six times a month. Insurance expenditures are a part of their budget."
6,"over, year, months, family, single, spend, prime, high",Female,65 - 74,__MISSING__,__MISSING__,High Roller Prime Spenders,"This single, elderly consumer, part of the Up & Coming Consumers group, has a low average credit score and falls into the Sub Prime - 1st Quartile category. With a net worth between $100,001 and $200,000, they have the fewest active open auto loans but carry the highest auto loan balance. Their eating habits include eating fast food 6-13 times in the last 30 days, and their insurance is set to expire within the next 3-6 months."
6,"over, year, months, family, single, spend, prime, high",Female,75+,__MISSING__,__MISSING__,High Roller Prime Spenders,"This group consists of elderly college graduates, mostly single family units, with a wealth rating in the sixth decile and an income between $400,001 and $600,001. They are active credit users with high spending levels, yet have the lowest number of active open auto loans. Charitable donations exceeding $50 were made by this group in the last year."
6,"over, year, months, family, single, spend, prime, high",Male,18 - 24,__MISSING__,__MISSING__,High Roller Prime Spenders,"This young adult, a prime to super prime consumer with a high credit score and a six-figure income, frequently uses credit and has a low auto loan balance. Their spending habits include frequent purchases from brands like French's, Heinz, and Kraft."
6,"over, year, months, family, single, spend, prime, high",Male,25 - 34,__MISSING__,Caucasian,High Roller Prime Spenders,"This high-income, single family group consists of prime to super prime graduates with an average credit score in the fourth quartile. They are active credit users and have a high spending capacity, total assets of over $1,000,001, and the fewest active open auto loans."
6,"over, year, months, family, single, spend, prime, high",Male,25 - 34,__MISSING__,__MISSING__,High Roller Prime Spenders,"A 25-35 year-old, single, other ethnicity professional resides in the USA. With some college education, this individual is in the second quartile of the Sub Prime to Near Prime credit tier and has a net worth between $25,000 and $49,999. Discretionary spending amounts to $5,000 annually, and their wealth rating falls in the third decile. This up-and-coming consumer has a low credit history and a moderate income, earning between $100,001 and $200,000."
6,"over, year, months, family, single, spend, prime, high",Male,35 - 44,__MISSING__,__MISSING__,High Roller Prime Spenders,"This single, up-and-coming consumer is a high-earning individual, falling into the 6th decile wealth rating with an income between $100,001 and $200,000. They are relatively new to credit and have a high equity balance. With a low number of active open auto loans, they carry the highest auto loan balance. Their fast food consumption is moderate, eating out 1-5 times in the last 30 days. This tech-savvy individual frequently shops online at carrier stores like AT&T."
6,"over, year, months, family, single, spend, prime, high",Male,45 - 54,__MISSING__,__MISSING__,High Roller Prime Spenders,"A single, college-educated American resides in the highest credit score quartile, holding a lien-free or open lien status. This individual is a management professional with a discretionary spend of $6 and a wealth rating in the 8th decile. Their fast food consumption ranges from 6 to 13 times in the last 30 days."
6,"over, year, months, family, single, spend, prime, high",Male,55 - 64,__MISSING__,__MISSING__,High Roller Prime Spenders,"A 55-64-year-old American male, with unknown religion and ethnicity, falls into the Equity Balance High and Established Consumer category. He moderately uses credit."
6,"over, year, months, family, single, spend, prime, high",Male,65 - 74,__MISSING__,__MISSING__,High Roller Prime Spenders,"A high-spending, near prime to prime male consumer, aged 3rd quartile, earns between $200,001 and $400,000. He actively uses credit and donates over $50 to political causes annually. This group also consumes fast food 6-13 times in the last 30 days and lets their insurance expire within 1-3 months."
6,"over, year, months, family, single, spend, prime, high",Male,75+,__MISSING__,__MISSING__,High Roller Prime Spenders,"An elderly consumer, residing in the USA, falls into the Established Consumers category. With a household income between $100,001 and $200,000, this individual has a high equity balance and is a moderate user of credit. Their creditworthiness ranges from Sub Prime to Near Prime, and they have the lowest number of active open auto loans. Notably, they have experienced a year-over-year decrease in spending over the past three months."
7,"months, spend, over, year, prime, political, family, single",Female,25 - 34,__MISSING__,__MISSING__,Yearly Prime Spenders,A 25-34-year-old female with undisclosed religion and ethnicity resides in the household. Their net worth is under $1.
7,"months, spend, over, year, prime, political, family, single",Female,35 - 44,__MISSING__,__MISSING__,Yearly Prime Spenders,"A 35- to 44-year-old female heads this household, a college graduate and moderate credit user. With a net worth between $1,000 and $4,999, they belong to the fourth decile of wealth, have few active open auto loans, and low auto loan balances. This group is characterized by someone in the household making recent responses to mail and being established consumers."
7,"months, spend, over, year, prime, political, family, single",Female,45 - 54,__MISSING__,__MISSING__,Yearly Prime Spenders,"A single, college-educated American in their up-and-coming consumer phase resides in a household with recent credit activity. With a net worth under $1 and a wealth rating in the 8th decile, they exhibit a high number of active open auto loans, reflecting their discretionary spending habits."
7,"months, spend, over, year, prime, political, family, single",Female,55 - 64,__MISSING__,__MISSING__,Yearly Prime Spenders,"A single female-led family, aged 55-64, with a net worth of $100,000 to $249,999, actively engages in political causes. Their religious and ethnic backgrounds are unknown."
7,"months, spend, over, year, prime, political, family, single",Female,65 - 74,Protestant,Caucasian|Western European,Yearly Prime Spenders,"A 65-74 year-old Caucasian female Protestant, living in the household, regularly engages with mail communications. Her preferences and lifestyle lean towards the traditional."
7,"months, spend, over, year, prime, political, family, single",Female,65 - 74,Protestant,Western European|Caucasian,Yearly Prime Spenders,"Elderly, near-prime to prime single family unit with some college education and a responsibility for elderly parent care, actively uses credit and has a high disposable income. They hold management positions, have a wealth rating in the 5th decile, and are avid users of mobile and tablet devices, supporting various political causes."
7,"months, spend, over, year, prime, political, family, single",Female,65 - 74,__MISSING__,__MISSING__,Yearly Prime Spenders,"A single, high school educated homeowner in the USA, with a net worth between $10,000 and $24,999, falls into the Up and Coming Consumers category. This group, which includes individuals relatively new to credit, demonstrates high discretionary spending and a high equity balance. Their creditworthiness ranges from Sub Prime to Near Prime, and they hold a lien-free primary decision-making position within their household."
7,"months, spend, over, year, prime, political, family, single",Female,75+,Protestant,Caucasian|Western European,Yearly Prime Spenders,"A 75-year-old Caucasian/Western European woman, living in a single family household in the USA, identifies as Protestant, and manages a net worth under $1 with a discretionary spend of $4. She is in the first decile wealth rating and has engaged in financial transactions within the past 24 months."
7,"months, spend, over, year, prime, political, family, single",Female,75+,Protestant,Western European|Caucasian,Yearly Prime Spenders,"This high net worth household, headed by a high school-educated primary decision maker, falls into the established consumer category with a low average credit score. They have a discretionary spend of $5,000 and a net worth exceeding $500,000. Conservative political causes are among their areas of support."
7,"months, spend, over, year, prime, political, family, single",Female,75+,__MISSING__,__MISSING__,Yearly Prime Spenders,"A single, elderly head of household with a high school education and net worth between $250,000 and $499,999 supports conservative political causes. This individual, in the Near Prime to Prime - 3rd Quartile segment, has discretionary spending of $5 and the fewest active open auto loans. They are part of a wealthy demographic with a wealth rating in the 6th decile and have responded to mail within the last 24 months."
7,"months, spend, over, year, prime, political, family, single",Male,25 - 34,Protestant,Caucasian|Western European,Yearly Prime Spenders,"A 25-34 year-old Caucasian/Western European Protestant male, living in the USA, has a net worth between $25,000 and $49,999, placing him in the first decile of wealth. He engages with CONNECTED TV, MOBILE, and TABLET devices and has insurance expirations within the 3-6 month range."
7,"months, spend, over, year, prime, political, family, single",Male,25 - 34,__MISSING__,__MISSING__,Yearly Prime Spenders,"A 25-34-year-old male, of unspecified religion and ethnicity, resides in the household that has engaged in recent correspondence. This group frequently consumes fast food, with six to thirteen instances in the past month. They are politically active supporters."
7,"months, spend, over, year, prime, political, family, single",Male,35 - 44,__MISSING__,__MISSING__,Yearly Prime Spenders,"A 35-44 year-old male, of missing religion and ethnicity, resides in a household with a net worth between $100,000 and $249,999. This professional is part of the seventh decile wealth rating segment and holds few active open auto loans. Their wealth is estimated between $400,001 and $600,001. They have engaged with mail within the last 24 months and use mobile technology."
7,"months, spend, over, year, prime, political, family, single",Male,45 - 54,__MISSING__,__MISSING__,Yearly Prime Spenders,"A single, low-income American residing in a household with recent credit activity, holds a high school education, and has a net worth between $10,000 and $24,999. This individual is a new credit user with a sub-prime credit score and the lowest number of active open auto loans. Their discretionary spending is moderate."
7,"months, spend, over, year, prime, political, family, single",Male,55 - 64,__MISSING__,__MISSING__,Yearly Prime Spenders,"A 55-64 year-old Male, living in a single family household, has engaged with political causes and falls into the Sub Prime to Near Prime - 2nd Quartile credit category. Missing are details about religion and ethnicity."
7,"months, spend, over, year, prime, political, family, single",Male,65 - 74,__MISSING__,__MISSING__,Yearly Prime Spenders,"A 3rd quartile, single family household in the USA, headed by a college-educated primary decision maker with a net worth between $100,000 and $249,999 (6th decile), demonstrates a high discretionary spend level and holds the highest auto loan balance with the most active open auto loans. This group regularly consumes tea. (Age, gender, religion, and ethnicity are not provided.)"
7,"months, spend, over, year, prime, political, family, single",Male,75+,__MISSING__,__MISSING__,Yearly Prime Spenders,"A single family, headed by a college-educated elder person, manages a net worth exceeding $499,999. This household, which includes a discretionary spender, supports conservative political causes and has a high wealth rating in the 9th decile."
8,"over, year, months, spend, lowest, prime, decrease, credit",Female,25 - 34,__MISSING__,__MISSING__,Prime-Spend Decreasers,"A 25-year-old, single, low-income American resides in the Sub Prime to Near Prime demographic. New to credit, they have few active open auto loans and frequently purchase electronics. Their preferred brands include Grey Poupon, Kraft, and Heinz. Their insurance policies expire between 3 and 12 months after purchase. (USA, Sub Prime to Near Prime, Single, Low-income, Few active open auto loans, Purchases electronics, Brands: Grey Poupon, Kraft, Heinz, Insurance expiration: 3-12 months)"
8,"over, year, months, spend, lowest, prime, decrease, credit",Female,35 - 44,__MISSING__,__MISSING__,Prime-Spend Decreasers,"This group consists of a primary decision-maker, aged with the lowest credit score in the Sub Prime - 1st Quartile category. They belong to an ethnicity that identifies with Grey Poupon and Heinz brands. Their physical shopping preferences include Carrier Stores like AT&T. This demographic exhibits a decrease in year-over-year spending over three months and displays low card spending behavior."
8,"over, year, months, spend, lowest, prime, decrease, credit",Male,25 - 34,__MISSING__,__MISSING__,Prime-Spend Decreasers,"A single, tech-savvy accountant in their late 30s, holding a graduate degree and new to credit, falls into the Near Prime to Prime category with a low credit score and the highest auto loan balance. They are primary decision-makers, have completed graduate school, and possess a technical background. Despite being relatively new to credit, they have the fewest active open auto loans."
8,"over, year, months, spend, lowest, prime, decrease, credit",Male,35 - 44,__MISSING__,__MISSING__,Prime-Spend Decreasers,"This group consists of new credit users, primarily making decisions for their households. They have the lowest average credit score in the Sub Prime category and possess a minimal number of active open auto loans. Their insurance expirations are approaching, and they have experienced a decrease in year-over-year spending over the past three months."
8,"over, year, months, spend, lowest, prime, decrease, credit",Male,45 - 54,__MISSING__,__MISSING__,Prime-Spend Decreasers,"A 45-year-old retired blue-collar worker with some college education and a low credit score falls into the Single Family, Sub Prime - 1st Quartile behavioral cluster. He has the fewest active open auto loans and exhibits a year-over-year spending decrease. This group represents relatively new credit users with a low yearly spending rate."
8,"over, year, months, spend, lowest, prime, decrease, credit",Male,55 - 64,__MISSING__,__MISSING__,Prime-Spend Decreasers,"this group consists of single, US-based consumers in the Sub Prime to Near Prime credit tier, living in single family homes and actively managing multiple auto loans. They frequently use mobile and tablet devices, with insurance expirations ranging from 3 to 9 months. Their shopping preferences lean towards brands like Kraft and Heinz."
9,"family, single, regular, tea, last, political, store, etc",Female,45 - 54,__MISSING__,__MISSING__,Family-Focused Traditionals,"A 45-54 year-old single woman, deeply engaged in political causes, makes up this household. Her religious and ethnic background shapes her identity. Characterized by her commitment to supporting various political causes, she is a thoughtful and active member of her community."
9,"family, single, regular, tea, last, political, store, etc",Male,45 - 54,__MISSING__,__MISSING__,Family-Focused Traditionals,"A 45-54-year-old single male, of unknown religion and ethnicity, frequently consumes Twinings tea and eats fast food 6-13 times in a month. His political affiliation is listed as Registered Independent."
9,"family, single, regular, tea, last, political, store, etc",Male,55 - 64,__MISSING__,__MISSING__,Family-Focused Traditionals,"A 55-64-year-old male, this group comprises college-educated, middle management professionals and small business owners living in single-family residences. Their religious and ethnic backgrounds are undisclosed."
